{
  "sma_window": 200,
  "rsi_lower": 29.140662837219445,
  "rsi_upper": 65.00361398539523
}
